Frenchy Shell Code,ShellCode,2c42a80fedf61833ab94daeb7ddb40e968c693dbc0f711159752de63a6b5c378
Frenchy Shell Code,ShellCode,7e9e1af4e11105faddd87237b3ff7021fff586ec8265ba121302a670a5051a43
Frenchy Shell Code,ShellCode,72468a5e09fcd2484990322f16c06724
Frenchy Shell Code,ShellCode,86468a85a1dc8a93218bbdc45203809a
Frenchy Shell Code,ShellCode,6a8a308fd9d93877405edddaca2dc0b1
Frenchy Shell Code,ShellCode,ff87170119ffe5da1a9933eac4813e89
Frenchy Shell Code,ShellCode,4e0620db87741809db739b36d493efd3
Frenchy Shell Code,ShellCode,aca05d97aa34360a18ce7e4a331195b8
Frenchy Shell Code,ShellCode,c1da6168e4ce782169295858057d6a82
Frenchy Shell Code,ShellCode,db5fe533c78602a3d4e5a2a307782855
Frenchy Shell Code,ShellCode,7f3b73f4680cd45b2f06cd991c26b60a
Frenchy Shell Code,ShellCode,d18509eb899f634f579e154b226c1f72
Frenchy Shell Code,ShellCode,2d1ed53e7af0864f0916a4ce4f5e40b7
Frenchy Shell Code,ShellCode,a7b38bf292212efd6c0bf11060483b19
Frenchy Shell Code,ShellCode,88c674e2dcd55b5e8672c1a063d06fd4
Frenchy Shell Code,ShellCode,382609b2a5c90f287b466f55911238d2
Frenchy Shell Code,ShellCode,16cbd896990793871fd3fd7bcd23cf1a
Frenchy Shell Code,ShellCode,db07aca234c3f12a141760cfc6a46e0e
Frenchy Shell Code,ShellCode,4ef1c56657d74aa09d77573273f99750
Frenchy Shell Code,ShellCode,6e33a3075b667eab19647f1d149a510f
Frenchy Shell Code,ShellCode,6e685961cc335b33d05e6415700fcf96
Frenchy Shell Code,ShellCode,20716b0abbf051ec151fecc0cc957145
Frenchy Shell Code,ShellCode,0e1b676f95c0e51163178ffdd99817c8
Frenchy Shell Code,ShellCode,9aa2f7959f31196f6c5aa37ae3c5a2ae
Frenchy Shell Code,ShellCode,2d80d567add3e9ebe93118c28fd96ad8
Frenchy Shell Code,ShellCode,9f93df82804d1467ba0096f91ecf091b
Frenchy Shell Code,ShellCode,ac8ef8b4aeede1adab7366ca7e5a75be 
Frenchy Shell Code,ShellCode,abdb5f121849f3f3718768d37abe0173
